"GO","GO_desc","sam_freq","back_freq","n_GO_DEG","n_DEG","n_GO","n_all_genes","pVal","adj_pVal","gene_name"
"GO:0005515","protein binding",0.18868,0.07102,30,159,981,13813,4.83869092711508e-07,0.000967738185423016,"LOC105248412, LOC105248425, LOC105248790, LOC105248899, LOC105249703, LOC105249778, LOC105250126, LOC105250149, LOC105250575, LOC105251029, LOC105251214, LOC105251352, LOC105251961, LOC105252395, LOC105253247, LOC105253442, LOC105253714, LOC105254732, LOC105255370, LOC105255500, LOC105255589, LOC105255611, LOC105255932, LOC105256480, LOC105257066, LOC105257440, LOC105257554, LOC105257585, LOC105259067, LOC105259546"
"GO:0003700","DNA-binding transcription factor activity",0.0566,0.01071,9,159,148,13813,4.49732328109685e-05,0.0449732328109685,"LOC105248356, LOC105249411, LOC105250870, LOC105251008, LOC105253340, LOC105253476, LOC105254638, LOC105255830, LOC105256717"
"GO:0006355","regulation of transcription, DNA-templated",0.06918,0.01701,11,159,235,13813,6.92265556843978e-05,0.0461510371229319,"LOC105249411, LOC105250870, LOC105251008, LOC105251775, LOC105251939, LOC105252722, LOC105253340, LOC105253476, LOC105254638, LOC105256351, LOC105256717"
