"GO","GO_desc","sam_freq","back_freq","n_GO_DEG","n_DEG","n_GO","n_all_genes","pVal","adj_pVal","gene_name"
"GO:0005525","GTP binding",0.04286,0.00898,12,280,124,13813,6.68414416927935e-06,0.0133682883385587,"LOC105249926, LOC105249999, LOC105252755, LOC105253525, LOC105254111, LOC105255101, LOC105255250, LOC105255752, LOC105257665, LOC105258192, LOC105258704, LOC105258904"
